Stock Name,Code,Date,Price,Open,High,Low,Volume,Change%
Ayala Corp Pref B,ACPB2,"Oct 16, 2019",500,486,500,486,0.02K,0.00%
Ayala Corp Pref B,ACPB2,"Oct 15, 2019",500,500,500,500,0.01K,0.00%
Ayala Corp Pref B,ACPB2,"Oct 10, 2019",500,500,500,500,2.00K,0.00%
Ayala Corp Pref B,ACPB2,"Oct 09, 2019",500,500,500,500,0.10K,0.00%
Ayala Corp Pref B,ACPB2,"Oct 08, 2019",500,499.8,500,499.8,0.08K,0.00%
Ayala Corp Pref B,ACPB2,"Oct 07, 2019",500,500,500,500,0.03K,-0.70%
Ayala Corp Pref B,ACPB2,"Oct 03, 2019",503.5,503.5,503.5,503.5,2.00K,0.00%
Ayala Corp Pref B,ACPB2,"Oct 02, 2019",503.5,504,504,503.5,0.94K,-0.10%
Ayala Corp Pref B,ACPB2,"Oct 01, 2019",504,505.5,505.5,504,0.06K,-0.20%
Ayala Corp Pref B,ACPB2,"Sep 30, 2019",505,505,505,505,10.18K,0.00%
Ayala Corp Pref B,ACPB2,"Sep 27, 2019",505,505,505,505,0.06K,0.00%
Ayala Corp Pref B,ACPB2,"Sep 26, 2019",505,503.5,505,503.5,13.00K,0.30%
Ayala Corp Pref B,ACPB2,"Sep 25, 2019",503.5,503.5,503.5,503.5,4.13K,0.00%
Ayala Corp Pref B,ACPB2,"Sep 24, 2019",503.5,505,505,503.5,11.99K,-0.10%
Ayala Corp Pref B,ACPB2,"Sep 23, 2019",504,504,504,504,1.20K,0.40%
Ayala Corp Pref B,ACPB2,"Sep 20, 2019",502,502,502,502,0.19K,0.30%
Ayala Corp Pref B,ACPB2,"Sep 18, 2019",500.5,501,501,500.5,0.10K,0.00%
Ayala Corp Pref B,ACPB2,"Sep 17, 2019",500.5,500.5,500.5,500.5,0.20K,-0.79%
Ayala Corp Pref B,ACPB2,"Sep 16, 2019",504.5,504,504.5,504,0.95K,0.10%
Ayala Corp Pref B,ACPB2,"Sep 13, 2019",504,503,504,503,0.05K,-0.20%
Ayala Corp Pref B,ACPB2,"Sep 12, 2019",505,505,505,505,0.16K,0.00%
Ayala Corp Pref B,ACPB2,"Sep 11, 2019",505,500.5,505,500.5,0.07K,0.00%
Ayala Corp Pref B,ACPB2,"Sep 10, 2019",505,504.5,505,500.5,1.06K,0.20%
Ayala Corp Pref B,ACPB2,"Sep 06, 2019",504,504,504,504,0.03K,1.20%
Ayala Corp Pref B,ACPB2,"Sep 05, 2019",498,500,500,498,9.72K,-1.19%
Ayala Corp Pref B,ACPB2,"Sep 04, 2019",504,500,504,500,0.19K,0.00%
Ayala Corp Pref B,ACPB2,"Sep 03, 2019",504,504,504,504,0.01K,0.00%
Ayala Corp Pref B,ACPB2,"Aug 30, 2019",504,504,504,504,0.01K,0.80%
Ayala Corp Pref B,ACPB2,"Aug 29, 2019",500,503,504,500,0.06K,0.20%
Ayala Corp Pref B,ACPB2,"Aug 28, 2019",499,500,500,499,1.02K,-0.20%
Ayala Corp Pref B,ACPB2,"Aug 23, 2019",500,500,500,500,0.02K,0.00%
Ayala Corp Pref B,ACPB2,"Aug 22, 2019",500,498,500,498,0.21K,-0.79%
Ayala Corp Pref B,ACPB2,"Aug 20, 2019",504,504,504,504,0.01K,1.20%
Ayala Corp Pref B,ACPB2,"Aug 19, 2019",498,498,498,498,0.20K,-1.39%
Ayala Corp Pref B,ACPB2,"Aug 16, 2019",505,505,505,500,1.03K,1.00%
Ayala Corp Pref B,ACPB2,"Aug 15, 2019",500,497,500,497,0.17K,0.00%
Ayala Corp Pref B,ACPB2,"Aug 14, 2019",500,500,500,500,0.01K,0.00%
Ayala Corp Pref B,ACPB2,"Aug 13, 2019",500,497,500,496,14.00K,0.20%
Ayala Corp Pref B,ACPB2,"Aug 08, 2019",499,498.8,499,498.8,2.55K,0.00%
Ayala Corp Pref B,ACPB2,"Aug 07, 2019",499,497,499,497,0.28K,0.00%
Ayala Corp Pref B,ACPB2,"Aug 06, 2019",499,499,499,499,0.10K,-0.20%
Ayala Corp Pref B,ACPB2,"Aug 02, 2019",500,498.6,500,498.6,2.00K,0.81%
Ayala Corp Pref B,ACPB2,"Aug 01, 2019",496,496,496,496,6.85K,0.00%
Ayala Corp Pref B,ACPB2,"Jul 31, 2019",496,496,496,496,1.57K,0.00%
Ayala Corp Pref B,ACPB2,"Jul 30, 2019",496,495,496,495,1.61K,-0.60%
Ayala Corp Pref B,ACPB2,"Jul 29, 2019",499,495,499,495,1.01K,0.20%
Ayala Corp Pref B,ACPB2,"Jul 25, 2019",498,495,498,495,2.11K,0.61%
Ayala Corp Pref B,ACPB2,"Jul 24, 2019",495,495,495,495,0.06K,0.00%
Ayala Corp Pref B,ACPB2,"Jul 22, 2019",495,493,495,493,6.09K,0.00%
Ayala Corp Pref B,ACPB2,"Jul 19, 2019",495,494,495,494,5.69K,0.61%
Ayala Corp Pref B,ACPB2,"Jul 18, 2019",492,493,493,492,28.51K,0.41%
Ayala Corp Pref B,ACPB2,"Jul 17, 2019",490,490,490,490,11.50K,-1.41%
Ayala Corp Pref B,ACPB2,"Jul 16, 2019",497,490,497,490,9.51K,0.20%
Ayala Corp Pref B,ACPB2,"Jul 15, 2019",496,495,496,483,2.90K,1.22%
Ayala Corp Pref B,ACPB2,"Jul 12, 2019",490,483.2,490,483,0.61K,0.00%
Ayala Corp Pref B,ACPB2,"Jul 11, 2019",490,490,490,490,0.11K,-1.41%
Ayala Corp Pref B,ACPB2,"Jul 09, 2019",497,490,497,485,4.06K,0.20%
Ayala Corp Pref B,ACPB2,"Jul 04, 2019",496,496,497,496,0.93K,1.18%
Ayala Corp Pref B,ACPB2,"Jul 03, 2019",490.2,490.2,490.2,490.2,0.03K,0.04%
Ayala Corp Pref B,ACPB2,"Jul 02, 2019",490,495,495,490,0.10K,-1.41%
Ayala Corp Pref B,ACPB2,"Jul 01, 2019",497,486,497,486,0.06K,0.00%
Ayala Corp Pref B,ACPB2,"Jun 28, 2019",497,493,497,493,1.99K,1.02%
Ayala Corp Pref B,ACPB2,"Jun 27, 2019",492,487,492,487,0.06K,-0.20%
Ayala Corp Pref B,ACPB2,"Jun 26, 2019",493,487,493,486,0.90K,0.61%
Ayala Corp Pref B,ACPB2,"Jun 25, 2019",490,486,490,486,0.82K,0.00%
Ayala Corp Pref B,ACPB2,"Jun 24, 2019",490,494,494,490,2.50K,-1.80%
Ayala Corp Pref B,ACPB2,"Jun 20, 2019",499,499,499,499,0.01K,2.67%
Ayala Corp Pref B,ACPB2,"Jun 19, 2019",486,486,486,486,3.36K,0.00%
Ayala Corp Pref B,ACPB2,"Jun 18, 2019",486,497,497,486,0.56K,0.00%
Ayala Corp Pref B,ACPB2,"Jun 17, 2019",486,487,487,486,0.70K,-1.82%
Ayala Corp Pref B,ACPB2,"Jun 11, 2019",495,495,495,495,0.05K,0.00%
Ayala Corp Pref B,ACPB2,"Jun 10, 2019",495,487,495,483,1.95K,-0.20%
Ayala Corp Pref B,ACPB2,"Jun 07, 2019",496,496,496,496,1.05K,-0.20%
Ayala Corp Pref B,ACPB2,"Jun 06, 2019",497,487,498,487,3.02K,-0.40%
Ayala Corp Pref B,ACPB2,"Jun 04, 2019",499,499,499,499,0.01K,1.84%
Ayala Corp Pref B,ACPB2,"Jun 03, 2019",490,490,490,483,3.76K,0.00%
Ayala Corp Pref B,ACPB2,"May 31, 2019",490,490,490,489.8,0.25K,1.03%
Ayala Corp Pref B,ACPB2,"May 29, 2019",485,486.8,486.8,485,1.00K,0.37%
Ayala Corp Pref B,ACPB2,"May 28, 2019",483.2,483.2,499,483.2,0.07K,-3.17%
Ayala Corp Pref B,ACPB2,"May 27, 2019",499,499,499,499,0.01K,2.89%
Ayala Corp Pref B,ACPB2,"May 24, 2019",485,485,485,485,1.20K,0.37%
Ayala Corp Pref B,ACPB2,"May 23, 2019",483.2,486,486,483.2,5.00K,-1.39%
Ayala Corp Pref B,ACPB2,"May 21, 2019",490,498,498,490,0.35K,0.62%
Ayala Corp Pref B,ACPB2,"May 16, 2019",487,487,487,487,0.05K,-2.60%
Ayala Corp Pref B,ACPB2,"May 15, 2019",500,490,500,485,1.01K,0.40%
Ayala Corp Pref B,ACPB2,"May 10, 2019",498,495,498,495,3.39K,0.81%
Ayala Corp Pref B,ACPB2,"May 09, 2019",494,494,494,494,2.00K,-0.20%
Ayala Corp Pref B,ACPB2,"May 07, 2019",495,485,495,485,1.04K,-0.60%
Ayala Corp Pref B,ACPB2,"Apr 30, 2019",498,498,498,498,0.01K,0.20%
Ayala Corp Pref B,ACPB2,"Apr 29, 2019",497,497,497.2,497,5.78K,0.00%
Ayala Corp Pref B,ACPB2,"Apr 26, 2019",497,497,497,497,0.20K,0.00%
Ayala Corp Pref B,ACPB2,"Apr 25, 2019",497,497,497,497,0.07K,0.00%
Ayala Corp Pref B,ACPB2,"Apr 24, 2019",497,497,497,497,0.07K,0.00%
Ayala Corp Pref B,ACPB2,"Apr 22, 2019",497,485,497,485,0.02K,0.00%
Ayala Corp Pref B,ACPB2,"Apr 12, 2019",497,490,497,490,6.50K,0.24%
Ayala Corp Pref B,ACPB2,"Apr 10, 2019",495.8,495.8,495.8,495.8,0.01K,3.08%
Ayala Corp Pref B,ACPB2,"Apr 08, 2019",481,481,485,481,0.70K,-0.82%
Ayala Corp Pref B,ACPB2,"Apr 05, 2019",485,485,485,480,0.37K,-1.02%
Ayala Corp Pref B,ACPB2,"Apr 04, 2019",490,490,490,490,0.01K,0.00%
Ayala Corp Pref B,ACPB2,"Apr 03, 2019",490,495,495,490,0.43K,0.00%
Ayala Corp Pref B,ACPB2,"Apr 02, 2019",490,490,490,490,0.10K,0.00%
Ayala Corp Pref B,ACPB2,"Apr 01, 2019",490,455,497,455,0.60K,-1.41%
Ayala Corp Pref B,ACPB2,"Mar 28, 2019",497,497.2,497.2,497,1.19K,0.00%
Ayala Corp Pref B,ACPB2,"Mar 27, 2019",497,490,497,490,1.02K,-0.04%
Ayala Corp Pref B,ACPB2,"Mar 26, 2019",497.2,496,497.2,496,10.29K,-0.08%
Ayala Corp Pref B,ACPB2,"Mar 19, 2019",497.6,497.8,497.8,497.6,0.02K,2.81%
Ayala Corp Pref B,ACPB2,"Mar 18, 2019",484,484,484,484,1.60K,-1.22%
Ayala Corp Pref B,ACPB2,"Mar 15, 2019",490,495,495,490,0.20K,-1.41%
Ayala Corp Pref B,ACPB2,"Mar 12, 2019",497,497,497,497,0.01K,1.43%
Ayala Corp Pref B,ACPB2,"Mar 11, 2019",490,483,490,481.6,1.50K,-1.41%
Ayala Corp Pref B,ACPB2,"Mar 08, 2019",497,497,497,497,0.01K,0.00%
Ayala Corp Pref B,ACPB2,"Mar 07, 2019",497,497,497,497,0.01K,1.43%
Ayala Corp Pref B,ACPB2,"Mar 06, 2019",490,481,497,481,0.23K,-1.41%
Ayala Corp Pref B,ACPB2,"Mar 05, 2019",497,497,497,497,0.13K,0.00%
Ayala Corp Pref B,ACPB2,"Mar 04, 2019",497,481.6,497,480,5.42K,1.43%
Ayala Corp Pref B,ACPB2,"Mar 01, 2019",490,490,490,490,1.89K,0.00%
Ayala Corp Pref B,ACPB2,"Feb 28, 2019",490,490,490,490,0.31K,0.00%
Ayala Corp Pref B,ACPB2,"Feb 27, 2019",490,490,490,490,0.69K,0.00%
Ayala Corp Pref B,ACPB2,"Feb 26, 2019",490,481,490,481,0.14K,-1.61%
Ayala Corp Pref B,ACPB2,"Feb 19, 2019",498,498,498,480,6.61K,-0.08%
Ayala Corp Pref B,ACPB2,"Feb 15, 2019",498.4,482,498.4,482,0.06K,0.08%
Ayala Corp Pref B,ACPB2,"Feb 13, 2019",498,498,498,498,0.01K,3.75%
Ayala Corp Pref B,ACPB2,"Feb 12, 2019",480,498,498,480,4.02K,-3.61%
Ayala Corp Pref B,ACPB2,"Feb 11, 2019",498,498,498,498,0.22K,1.63%
Ayala Corp Pref B,ACPB2,"Feb 08, 2019",490,492,492,490,0.79K,-1.01%
Ayala Corp Pref B,ACPB2,"Feb 07, 2019",495,495,495,495,0.02K,0.81%
Ayala Corp Pref B,ACPB2,"Feb 04, 2019",491,491,491.2,491,16.89K,0.20%
Ayala Corp Pref B,ACPB2,"Feb 01, 2019",490,498,498,490,5.96K,-1.80%
Ayala Corp Pref B,ACPB2,"Jan 29, 2019",499,498,499,498,0.39K,0.20%
Ayala Corp Pref B,ACPB2,"Jan 28, 2019",498,498,498,498,0.05K,0.00%
Ayala Corp Pref B,ACPB2,"Jan 25, 2019",498,498,498,498,1.00K,0.08%
Ayala Corp Pref B,ACPB2,"Jan 23, 2019",497.6,497.4,497.6,497.4,10.00K,-0.08%
Ayala Corp Pref B,ACPB2,"Jan 22, 2019",498,495,498,495,13.09K,0.65%
Ayala Corp Pref B,ACPB2,"Jan 21, 2019",494.8,494.8,494.8,494.8,4.00K,-0.60%
Ayala Corp Pref B,ACPB2,"Jan 18, 2019",497.8,497.8,497.8,497.8,0.02K,0.36%
Ayala Corp Pref B,ACPB2,"Jan 17, 2019",496,495,496,495,1.08K,0.20%
Ayala Corp Pref B,ACPB2,"Jan 15, 2019",495,495,495,495,0.06K,-0.56%
Ayala Corp Pref B,ACPB2,"Jan 10, 2019",497.8,490,497.8,490,4.95K,0.00%
Ayala Corp Pref B,ACPB2,"Jan 09, 2019",497.8,480,497.8,480,2.01K,-0.24%
Ayala Corp Pref B,ACPB2,"Jan 08, 2019",499,499,499,499,0.03K,-0.20%
Ayala Corp Pref B,ACPB2,"Jan 07, 2019",500,500,500,500,0.09K,2.25%
Ayala Corp Pref B,ACPB2,"Jan 04, 2019",489,489,489,489,4.40K,0.00%
Ayala Corp Pref B,ACPB2,"Jan 03, 2019",489,475,489,475,0.11K,-0.20%
Ayala Corp Pref B,ACPB2,"Jan 02, 2019",490,495,495,475,7.59K,-1.80%
Ayala Corp Pref B,ACPB2,"Dec 21, 2018",499,499,499,499,0.01K,1.42%
Ayala Corp Pref B,ACPB2,"Dec 19, 2018",492,492,492,492,0.11K,0.41%
Ayala Corp Pref B,ACPB2,"Dec 18, 2018",490,492,492,490,2.89K,-1.80%
Ayala Corp Pref B,ACPB2,"Dec 17, 2018",499,492,499,492,0.12K,1.84%
Ayala Corp Pref B,ACPB2,"Dec 14, 2018",490,490,490,490,0.60K,0.00%
Ayala Corp Pref B,ACPB2,"Dec 12, 2018",490,475,490,475,11.30K,0.00%
Ayala Corp Pref B,ACPB2,"Dec 11, 2018",490,490,490,476,0.56K,0.00%
Ayala Corp Pref B,ACPB2,"Dec 06, 2018",490,490,490,490,0.01K,0.04%
Ayala Corp Pref B,ACPB2,"Dec 05, 2018",489.8,489.8,489.8,489.8,0.01K,0.16%
Ayala Corp Pref B,ACPB2,"Dec 04, 2018",489,490,490,489,4.03K,0.00%
Ayala Corp Pref B,ACPB2,"Nov 29, 2018",489,489,489,489,0.25K,0.00%
Ayala Corp Pref B,ACPB2,"Nov 27, 2018",489,475,489,475,0.05K,0.00%
Ayala Corp Pref B,ACPB2,"Nov 21, 2018",489,451,489,450,2.94K,-0.61%
Ayala Corp Pref B,ACPB2,"Nov 20, 2018",492,488,492,480,14.49K,0.82%
Ayala Corp Pref B,ACPB2,"Nov 19, 2018",488,488,488,488,0.08K,0.21%
Ayala Corp Pref B,ACPB2,"Nov 16, 2018",487,487,487,487,0.02K,0.00%
Ayala Corp Pref B,ACPB2,"Nov 15, 2018",487,488,488,487,0.15K,-0.61%
Ayala Corp Pref B,ACPB2,"Nov 14, 2018",490,488,490,488,2.01K,0.37%
Ayala Corp Pref B,ACPB2,"Nov 13, 2018",488.2,488.2,488.2,488.2,0.83K,0.25%
Ayala Corp Pref B,ACPB2,"Nov 12, 2018",487,487,487,487,0.03K,-0.81%
Ayala Corp Pref B,ACPB2,"Nov 09, 2018",491,488,491,488,0.12K,-0.20%
Ayala Corp Pref B,ACPB2,"Nov 07, 2018",492,492,492,490,0.18K,0.00%
Ayala Corp Pref B,ACPB2,"Nov 06, 2018",492,492,492,492,0.03K,0.00%
Ayala Corp Pref B,ACPB2,"Oct 31, 2018",492,492,492,492,0.05K,0.61%
Ayala Corp Pref B,ACPB2,"Oct 29, 2018",489,489,489,489,0.54K,0.00%
Ayala Corp Pref B,ACPB2,"Oct 26, 2018",489,490,490,489,4.00K,0.33%
Ayala Corp Pref B,ACPB2,"Oct 25, 2018",487.4,487.6,487.6,487.4,0.70K,-0.49%
Ayala Corp Pref B,ACPB2,"Oct 24, 2018",489.8,487.8,489.8,487.8,1.00K,-0.04%
Ayala Corp Pref B,ACPB2,"Oct 23, 2018",490,490,490,490,0.05K,0.20%
Ayala Corp Pref B,ACPB2,"Oct 22, 2018",489,489.8,489.8,487,2.17K,-1.21%
Ayala Corp Pref B,ACPB2,"Oct 19, 2018",495,495,495,495,100.00K,0.00%
Ayala Corp Pref B,ACPB2,"Oct 18, 2018",495,497,497,495,0.04K,-0.60%
Ayala Corp Pref B,ACPB2,"Oct 16, 2018",498,498,498,498,0.19K,0.00%
Ayala Corp Pref B,ACPB2,"Oct 15, 2018",498,498,498,498,0.01K,0.00%
Ayala Corp Pref B,ACPB2,"Oct 12, 2018",498,490,498,489.2,1.06K,-0.20%
Ayala Corp Pref B,ACPB2,"Oct 11, 2018",499,490,499,490,0.03K,0.00%
Ayala Corp Pref B,ACPB2,"Oct 10, 2018",499,499,499,499,0.01K,0.00%
Ayala Corp Pref B,ACPB2,"Oct 08, 2018",499,502,502,490,0.06K,0.81%
Ayala Corp Pref B,ACPB2,"Oct 05, 2018",495,489,495,489,0.77K,1.02%
Ayala Corp Pref B,ACPB2,"Oct 04, 2018",490,489.8,490,489.8,0.24K,0.00%
Ayala Corp Pref B,ACPB2,"Oct 03, 2018",490,490,490,490,3.02K,-1.01%
Ayala Corp Pref B,ACPB2,"Oct 02, 2018",495,495,495,495,0.34K,0.00%
Ayala Corp Pref B,ACPB2,"Sep 28, 2018",495,495,495,490,2.02K,0.00%
Ayala Corp Pref B,ACPB2,"Sep 27, 2018",495,495,495,490,2.09K,0.00%
Ayala Corp Pref B,ACPB2,"Sep 26, 2018",495,493,495,493,0.44K,0.41%
Ayala Corp Pref B,ACPB2,"Sep 25, 2018",493,493,493,493,0.39K,0.00%
Ayala Corp Pref B,ACPB2,"Sep 24, 2018",493,495,495,493,1.13K,-0.48%
Ayala Corp Pref B,ACPB2,"Sep 20, 2018",495.4,495.4,495.4,495.4,0.01K,-1.31%
Ayala Corp Pref B,ACPB2,"Sep 19, 2018",502,495.2,502,495.2,0.02K,1.41%
Ayala Corp Pref B,ACPB2,"Sep 18, 2018",495,495.2,495.2,495,7.22K,-1.00%
Ayala Corp Pref B,ACPB2,"Sep 17, 2018",500,502,502,495.2,0.63K,-0.20%
Ayala Corp Pref B,ACPB2,"Sep 13, 2018",501,500,502,500,19.94K,0.20%
Ayala Corp Pref B,ACPB2,"Sep 12, 2018",500,500,500,500,0.65K,-0.40%
Ayala Corp Pref B,ACPB2,"Sep 10, 2018",502,502,502,502,0.08K,0.40%
Ayala Corp Pref B,ACPB2,"Sep 07, 2018",500,500,500,500,1.00K,0.00%
Ayala Corp Pref B,ACPB2,"Sep 06, 2018",500,502,502,500,1.36K,-0.40%
Ayala Corp Pref B,ACPB2,"Sep 05, 2018",502,502,502,502,0.05K,0.00%
Ayala Corp Pref B,ACPB2,"Sep 04, 2018",502,500,502,500,0.78K,0.40%
Ayala Corp Pref B,ACPB2,"Sep 03, 2018",500,501,501,500,7.00K,-0.20%
Ayala Corp Pref B,ACPB2,"Aug 31, 2018",501,501.5,501.5,501,1.50K,-0.20%
Ayala Corp Pref B,ACPB2,"Aug 30, 2018",502,502,502,502,2.00K,-0.10%
Ayala Corp Pref B,ACPB2,"Aug 29, 2018",502.5,502.5,502.5,502.5,1.50K,-0.50%
Ayala Corp Pref B,ACPB2,"Aug 23, 2018",505,505,505,505,0.01K,0.00%
Ayala Corp Pref B,ACPB2,"Aug 22, 2018",505,505,505,505,0.03K,0.20%
Ayala Corp Pref B,ACPB2,"Aug 16, 2018",504,505,505,504,0.78K,0.10%
Ayala Corp Pref B,ACPB2,"Aug 09, 2018",503.5,503.5,503.5,503.5,1.00K,0.00%
Ayala Corp Pref B,ACPB2,"Aug 08, 2018",503.5,505,505,503.5,1.02K,-0.30%
Ayala Corp Pref B,ACPB2,"Aug 07, 2018",505,504.5,505,504.5,1.54K,0.00%
Ayala Corp Pref B,ACPB2,"Aug 06, 2018",505,505,505,503,12.88K,-0.39%
Ayala Corp Pref B,ACPB2,"Aug 02, 2018",507,507,507,507,0.22K,0.00%
Ayala Corp Pref B,ACPB2,"Jul 30, 2018",507,507,507,503,2.03K,1.00%
Ayala Corp Pref B,ACPB2,"Jul 26, 2018",502,501.5,502,501.5,6.70K,-0.40%
Ayala Corp Pref B,ACPB2,"Jul 25, 2018",504,506,506,504,0.38K,-0.20%
Ayala Corp Pref B,ACPB2,"Jul 23, 2018",505,508,508,505,0.20K,0.80%
Ayala Corp Pref B,ACPB2,"Jul 20, 2018",501,506,508,501,3.19K,-1.38%
Ayala Corp Pref B,ACPB2,"Jul 19, 2018",508,502,508,502,2.01K,0.59%
Ayala Corp Pref B,ACPB2,"Jul 18, 2018",505,505,505,505,1.04K,0.00%
Ayala Corp Pref B,ACPB2,"Jul 17, 2018",505,505,505,505,2.96K,0.80%
Ayala Corp Pref B,ACPB2,"Jul 13, 2018",501,501,501,501,0.04K,-1.38%
Ayala Corp Pref B,ACPB2,"Jul 11, 2018",508,501,508,501,0.09K,1.60%
Ayala Corp Pref B,ACPB2,"Jul 10, 2018",500,500,500,500,0.01K,0.00%
Ayala Corp Pref B,ACPB2,"Jul 06, 2018",500,500,500,500,0.24K,-0.99%
Ayala Corp Pref B,ACPB2,"Jul 05, 2018",505,505,505,505,0.04K,0.00%
Ayala Corp Pref B,ACPB2,"Jul 04, 2018",505,505,505,501,2.03K,0.00%
Ayala Corp Pref B,ACPB2,"Jul 03, 2018",505,505,505,505,0.40K,0.00%
Ayala Corp Pref B,ACPB2,"Jul 02, 2018",505,505,505,505,0.19K,0.00%
Ayala Corp Pref B,ACPB2,"Jun 28, 2018",505,500,505,500,0.30K,0.00%
Ayala Corp Pref B,ACPB2,"Jun 27, 2018",505,505,505,505,0.01K,0.50%
Ayala Corp Pref B,ACPB2,"Jun 26, 2018",502.5,502.5,502.5,502.5,0.10K,-1.08%
Ayala Corp Pref B,ACPB2,"Jun 20, 2018",508,508,508,508,2.93K,0.00%
Ayala Corp Pref B,ACPB2,"Jun 18, 2018",508,508,508,508,0.01K,1.60%
Ayala Corp Pref B,ACPB2,"Jun 11, 2018",500,508,508,500,0.52K,-1.57%
Ayala Corp Pref B,ACPB2,"Jun 08, 2018",508,512,512,508,0.11K,-1.36%
Ayala Corp Pref B,ACPB2,"Jun 06, 2018",515,515,515,502,1.02K,0.00%
Ayala Corp Pref B,ACPB2,"Jun 05, 2018",515,502.5,515,502.5,0.15K,0.00%
Ayala Corp Pref B,ACPB2,"Jun 04, 2018",515,515,515,515,16.61K,0.00%
Ayala Corp Pref B,ACPB2,"May 30, 2018",515,515,515,502,0.63K,0.39%
Ayala Corp Pref B,ACPB2,"May 29, 2018",513,513,513,513,0.01K,0.00%
Ayala Corp Pref B,ACPB2,"May 28, 2018",513,503.5,513,503.5,10.41K,0.59%
Ayala Corp Pref B,ACPB2,"May 23, 2018",510,510,510,510,0.02K,0.00%
Ayala Corp Pref B,ACPB2,"May 21, 2018",510,510,510,510,0.02K,0.00%
Ayala Corp Pref B,ACPB2,"May 18, 2018",510,510,510,510,0.05K,1.19%
Ayala Corp Pref B,ACPB2,"May 17, 2018",504,504,504,504,40.00K,0.40%
Ayala Corp Pref B,ACPB2,"May 16, 2018",502,504,504,502,7.45K,-1.57%
Ayala Corp Pref B,ACPB2,"May 15, 2018",510,504,510,504,2.76K,0.00%
Ayala Corp Pref B,ACPB2,"May 11, 2018",510,505,510,504,30.01K,0.00%
Ayala Corp Pref B,ACPB2,"May 09, 2018",510,510,510,510,1.00K,0.99%
Ayala Corp Pref B,ACPB2,"May 08, 2018",505,510,510,505,2.44K,0.20%
Ayala Corp Pref B,ACPB2,"May 04, 2018",504,505,506,504,26.78K,-1.18%
Ayala Corp Pref B,ACPB2,"May 03, 2018",510,510,510,510,0.20K,0.00%
Ayala Corp Pref B,ACPB2,"May 02, 2018",510,515,515,510,0.03K,0.79%
Ayala Corp Pref B,ACPB2,"Apr 30, 2018",506,506,506,506,1.00K,0.50%
Ayala Corp Pref B,ACPB2,"Apr 27, 2018",503.5,503.5,503.5,503.5,2.00K,0.00%
Ayala Corp Pref B,ACPB2,"Apr 26, 2018",503.5,520,520,503.5,3.20K,-3.17%
Ayala Corp Pref B,ACPB2,"Apr 25, 2018",520,503.5,520,503.5,0.03K,-0.57%
Ayala Corp Pref B,ACPB2,"Apr 24, 2018",523,503.5,523,503.5,0.02K,-0.19%
Ayala Corp Pref B,ACPB2,"Apr 23, 2018",524,524,524,524,0.02K,4.17%
Ayala Corp Pref B,ACPB2,"Apr 18, 2018",503,503.5,503.5,503,4.00K,-3.27%
Ayala Corp Pref B,ACPB2,"Apr 16, 2018",520,511,520,503,19.54K,3.38%
Ayala Corp Pref B,ACPB2,"Apr 13, 2018",503,503,503,503,0.01K,0.60%
Ayala Corp Pref B,ACPB2,"Apr 12, 2018",500,511,511,500,8.01K,-1.96%
Ayala Corp Pref B,ACPB2,"Apr 11, 2018",510,510,510,510,0.06K,0.00%
Ayala Corp Pref B,ACPB2,"Apr 10, 2018",510,510,510,510,0.32K,-0.20%
Ayala Corp Pref B,ACPB2,"Apr 06, 2018",511,512,512,511,2.40K,1.79%
Ayala Corp Pref B,ACPB2,"Apr 05, 2018",502,510,512,502,2.13K,-1.95%
Ayala Corp Pref B,ACPB2,"Apr 04, 2018",512,512,512,512,0.04K,-0.58%
Ayala Corp Pref B,ACPB2,"Apr 03, 2018",515,522,522,515,0.59K,0.00%
Ayala Corp Pref B,ACPB2,"Apr 02, 2018",515,520,520,515,2.15K,0.00%
Ayala Corp Pref B,ACPB2,"Mar 28, 2018",515,515,515,515,0.45K,0.59%
Ayala Corp Pref B,ACPB2,"Mar 27, 2018",512,512,512,512,17.10K,0.00%
Ayala Corp Pref B,ACPB2,"Mar 23, 2018",512,522,522,511,3.01K,0.20%
Ayala Corp Pref B,ACPB2,"Mar 22, 2018",511,511,511,511,2.00K,0.00%
Ayala Corp Pref B,ACPB2,"Mar 20, 2018",511,512,512,511,20.10K,-0.58%
Ayala Corp Pref B,ACPB2,"Mar 19, 2018",514,514,514,512,7.27K,0.00%
Ayala Corp Pref B,ACPB2,"Mar 16, 2018",514,515,515,514,3.96K,0.00%
Ayala Corp Pref B,ACPB2,"Mar 14, 2018",514,514,514,514,0.10K,-2.10%
Ayala Corp Pref B,ACPB2,"Mar 12, 2018",525,514.5,525,514.5,16.13K,2.14%
Ayala Corp Pref B,ACPB2,"Mar 09, 2018",514,514,514,514,0.05K,0.00%
Ayala Corp Pref B,ACPB2,"Mar 08, 2018",514,514,514,514,0.10K,0.00%
Ayala Corp Pref B,ACPB2,"Mar 07, 2018",514,518,518,514,2.61K,-0.77%
Ayala Corp Pref B,ACPB2,"Mar 06, 2018",518,518,518,518,0.03K,0.78%
Ayala Corp Pref B,ACPB2,"Mar 05, 2018",514,514,514,514,0.01K,0.00%
Ayala Corp Pref B,ACPB2,"Mar 02, 2018",514,514,514,514,0.05K,0.00%
Ayala Corp Pref B,ACPB2,"Mar 01, 2018",514,518,518,514,0.30K,0.00%
Ayala Corp Pref B,ACPB2,"Feb 28, 2018",514,514,514,514,0.01K,0.19%
Ayala Corp Pref B,ACPB2,"Feb 27, 2018",513,515.5,518,513,2.37K,-0.58%
Ayala Corp Pref B,ACPB2,"Feb 22, 2018",516,517,518,516,5.04K,-0.39%
Ayala Corp Pref B,ACPB2,"Feb 20, 2018",518,512,518,511,0.81K,0.97%
Ayala Corp Pref B,ACPB2,"Feb 19, 2018",513,517,517,513,0.05K,0.20%
Ayala Corp Pref B,ACPB2,"Feb 15, 2018",512,516,518,512,25.50K,-1.16%
Ayala Corp Pref B,ACPB2,"Feb 14, 2018",518,518,518,518,0.12K,0.00%
Ayala Corp Pref B,ACPB2,"Feb 13, 2018",518,517,518,515.5,4.45K,0.00%
Ayala Corp Pref B,ACPB2,"Feb 12, 2018",518,518,518,518,0.37K,0.48%
Ayala Corp Pref B,ACPB2,"Feb 09, 2018",515.5,517,517,515.5,2.03K,-0.29%
Ayala Corp Pref B,ACPB2,"Feb 08, 2018",517,517,517,517,0.02K,-0.19%
Ayala Corp Pref B,ACPB2,"Feb 07, 2018",518,518,518,515.5,1.35K,0.00%
Ayala Corp Pref B,ACPB2,"Feb 06, 2018",518,518,518,518,0.94K,-1.71%
Ayala Corp Pref B,ACPB2,"Feb 02, 2018",527,527,527,527,0.04K,2.23%
Ayala Corp Pref B,ACPB2,"Feb 01, 2018",515.5,515.5,515.5,515.5,0.14K,0.00%
Ayala Corp Pref B,ACPB2,"Jan 31, 2018",515.5,515.5,515.5,515.5,0.10K,-2.37%
Ayala Corp Pref B,ACPB2,"Jan 29, 2018",528,528,528,528,0.17K,0.00%
Ayala Corp Pref B,ACPB2,"Jan 25, 2018",528,528,528,528,0.12K,0.00%
Ayala Corp Pref B,ACPB2,"Jan 23, 2018",528,528,528,528,0.06K,0.00%
Ayala Corp Pref B,ACPB2,"Jan 22, 2018",528,528,528,528,0.16K,0.09%
Ayala Corp Pref B,ACPB2,"Jan 19, 2018",527.5,519,527.5,519,0.03K,1.83%
Ayala Corp Pref B,ACPB2,"Jan 16, 2018",518,518,518,518,6.34K,0.00%
Ayala Corp Pref B,ACPB2,"Jan 15, 2018",518,518,518,518,4.11K,0.00%
Ayala Corp Pref B,ACPB2,"Jan 11, 2018",518,518,518,518,0.05K,0.39%
Ayala Corp Pref B,ACPB2,"Jan 10, 2018",516,512,516,512,0.87K,0.78%
Ayala Corp Pref B,ACPB2,"Jan 09, 2018",512,512,516,512,0.85K,0.20%
Ayala Corp Pref B,ACPB2,"Jan 08, 2018",511,511,511,511,0.96K,0.00%
Ayala Corp Pref B,ACPB2,"Jan 05, 2018",511,511,511,511,0.04K,-0.97%
Ayala Corp Pref B,ACPB2,"Jan 04, 2018",516,540,540,516,2.32K,-2.46%
Ayala Corp Pref B,ACPB2,"Jan 03, 2018",529,529,529,529,0.24K,0.57%
Ayala Corp Pref B,ACPB2,"Dec 29, 2017",526,525,526,525,2.02K,-1.68%
Ayala Corp Pref B,ACPB2,"Dec 28, 2017",535,536,536,525,0.03K,1.23%
Ayala Corp Pref B,ACPB2,"Dec 27, 2017",528.5,528.5,528.5,528.5,10.00K,1.25%
Ayala Corp Pref B,ACPB2,"Dec 20, 2017",522,522,522,522,0.02K,0.19%
Ayala Corp Pref B,ACPB2,"Dec 19, 2017",521,521,521,521,0.01K,0.00%
Ayala Corp Pref B,ACPB2,"Dec 13, 2017",521,521,521,521,0.59K,-1.70%
Ayala Corp Pref B,ACPB2,"Dec 11, 2017",530,530,530.5,530,0.05K,0.00%
Ayala Corp Pref B,ACPB2,"Dec 08, 2017",530,530,530,530,0.04K,-0.19%
Ayala Corp Pref B,ACPB2,"Dec 04, 2017",531,520.5,531,520.5,0.02K,0.00%
Ayala Corp Pref B,ACPB2,"Nov 28, 2017",531,531,531,531,0.50K,0.00%
Ayala Corp Pref B,ACPB2,"Nov 27, 2017",531,520.5,535,520,1.19K,2.12%
Ayala Corp Pref B,ACPB2,"Nov 24, 2017",520,520,520,520,1.77K,0.00%
Ayala Corp Pref B,ACPB2,"Nov 23, 2017",520,520,520,520,0.07K,-2.80%
Ayala Corp Pref B,ACPB2,"Nov 17, 2017",535,516,535,516,1.01K,0.00%
Ayala Corp Pref B,ACPB2,"Nov 16, 2017",535,520,535,520,0.11K,2.88%
Ayala Corp Pref B,ACPB2,"Nov 15, 2017",520,520,520,520,0.10K,0.87%
Ayala Corp Pref B,ACPB2,"Nov 14, 2017",515.5,530,530,515.5,2.05K,0.00%
Ayala Corp Pref B,ACPB2,"Nov 10, 2017",515.5,517,517,515.5,0.59K,-0.10%
Ayala Corp Pref B,ACPB2,"Nov 08, 2017",516,516,516,516,0.40K,0.10%
Ayala Corp Pref B,ACPB2,"Nov 07, 2017",515.5,535,535,515.5,1.33K,-2.74%
Ayala Corp Pref B,ACPB2,"Nov 06, 2017",530,530,530,530,0.10K,0.00%
Ayala Corp Pref B,ACPB2,"Nov 03, 2017",530,530,530,530,0.22K,0.00%
Ayala Corp Pref B,ACPB2,"Oct 30, 2017",530,530,530,530,0.01K,1.92%
Ayala Corp Pref B,ACPB2,"Oct 27, 2017",520,520,520,520,0.15K,0.00%
Ayala Corp Pref B,ACPB2,"Oct 23, 2017",520,520,520,520,0.29K,0.97%
Ayala Corp Pref B,ACPB2,"Oct 19, 2017",515,520,520,515,10.80K,-0.96%
Ayala Corp Pref B,ACPB2,"Oct 18, 2017",520,520,520,520,0.25K,-1.89%
Ayala Corp Pref B,ACPB2,"Oct 13, 2017",530,530,530,530,0.02K,1.92%
Ayala Corp Pref B,ACPB2,"Oct 12, 2017",520,525,530,519,97.56K,-1.89%
Ayala Corp Pref B,ACPB2,"Oct 11, 2017",530,530,530,530,0.06K,0.95%
Ayala Corp Pref B,ACPB2,"Oct 10, 2017",525,525,525,525,0.10K,0.00%
Ayala Corp Pref B,ACPB2,"Oct 09, 2017",525,525,525,525,2.00K,-0.94%
Ayala Corp Pref B,ACPB2,"Oct 05, 2017",530,525,530,520.5,0.05K,0.95%
Ayala Corp Pref B,ACPB2,"Oct 03, 2017",525,530,530,525,3.77K,-0.94%
Ayala Corp Pref B,ACPB2,"Oct 02, 2017",530,530,530,530,0.01K,0.00%
Ayala Corp Pref B,ACPB2,"Sep 28, 2017",530,530,530,530,0.04K,0.00%
Ayala Corp Pref B,ACPB2,"Sep 27, 2017",530,530,530,530,0.10K,0.95%
Ayala Corp Pref B,ACPB2,"Sep 26, 2017",525,525,525,525,32.10K,0.00%
Ayala Corp Pref B,ACPB2,"Sep 25, 2017",525,525,525,525,0.10K,-0.76%
Ayala Corp Pref B,ACPB2,"Sep 22, 2017",529,527,535,527,14.51K,0.95%
Ayala Corp Pref B,ACPB2,"Sep 21, 2017",524,524,524,524,0.01K,0.67%
Ayala Corp Pref B,ACPB2,"Sep 20, 2017",520.5,520.5,520.5,520.5,0.34K,-1.23%
Ayala Corp Pref B,ACPB2,"Sep 19, 2017",527,527,527,527,1.42K,1.35%
Ayala Corp Pref B,ACPB2,"Sep 14, 2017",520,520,520,520,0.20K,0.58%
Ayala Corp Pref B,ACPB2,"Sep 11, 2017",517,521,521,517,10.00K,-0.77%
Ayala Corp Pref B,ACPB2,"Sep 08, 2017",521,525,525,521,1.77K,-0.76%
Ayala Corp Pref B,ACPB2,"Sep 05, 2017",525,525,525,525,0.85K,0.00%
Ayala Corp Pref B,ACPB2,"Sep 04, 2017",525,520,525,518,19.78K,0.96%
Ayala Corp Pref B,ACPB2,"Aug 29, 2017",520,520,520,520,1.10K,-0.95%
Ayala Corp Pref B,ACPB2,"Aug 25, 2017",525,520,525,520,4.50K,1.35%
Ayala Corp Pref B,ACPB2,"Aug 24, 2017",518,518,518,518,0.10K,0.00%
Ayala Corp Pref B,ACPB2,"Aug 22, 2017",518,520,520,518,4.00K,-1.33%
Ayala Corp Pref B,ACPB2,"Aug 17, 2017",525,525,525,525,0.10K,1.55%
Ayala Corp Pref B,ACPB2,"Aug 16, 2017",517,517,517,517,0.10K,-1.52%
Ayala Corp Pref B,ACPB2,"Aug 15, 2017",525,520,525,520,3.00K,1.74%
Ayala Corp Pref B,ACPB2,"Aug 14, 2017",516,516,516,516,2.00K,-0.77%
Ayala Corp Pref B,ACPB2,"Aug 11, 2017",520,520,520,520,0.10K,0.00%
Ayala Corp Pref B,ACPB2,"Aug 10, 2017",520,520,520,520,0.04K,0.87%
Ayala Corp Pref B,ACPB2,"Aug 09, 2017",515.5,515,515.5,515,10.00K,0.10%
Ayala Corp Pref B,ACPB2,"Aug 07, 2017",515,515,515,515,0.10K,0.00%
Ayala Corp Pref B,ACPB2,"Aug 03, 2017",515,520,520,515,2.01K,-0.96%
Ayala Corp Pref B,ACPB2,"Jul 31, 2017",520,520,520,520,0.01K,0.97%
Ayala Corp Pref B,ACPB2,"Jul 28, 2017",515,515,520,515,0.74K,-0.96%
Ayala Corp Pref B,ACPB2,"Jul 26, 2017",520,520,520,520,0.19K,0.00%
Ayala Corp Pref B,ACPB2,"Jul 25, 2017",520,515,520,515,1.11K,0.00%
Ayala Corp Pref B,ACPB2,"Jul 24, 2017",520,518,520,518,4.40K,0.97%
Ayala Corp Pref B,ACPB2,"Jul 20, 2017",515,520,520,515,4.50K,-0.19%
Ayala Corp Pref B,ACPB2,"Jul 18, 2017",516,515,516,515,0.29K,0.19%
Ayala Corp Pref B,ACPB2,"Jul 13, 2017",515,515,515,515,0.05K,0.00%
Ayala Corp Pref B,ACPB2,"Jul 12, 2017",515,515,515,515,1.00K,0.00%
Ayala Corp Pref B,ACPB2,"Jul 11, 2017",515,515,515,515,1.60K,0.59%
Ayala Corp Pref B,ACPB2,"Jul 07, 2017",512,523,523,512,2.09K,-2.10%
Ayala Corp Pref B,ACPB2,"Jul 06, 2017",523,523,523,523,0.01K,0.00%
Ayala Corp Pref B,ACPB2,"Jul 05, 2017",523,523,523,523,0.33K,1.55%
Ayala Corp Pref B,ACPB2,"Jul 04, 2017",515,523,523,515,2.02K,-1.53%
Ayala Corp Pref B,ACPB2,"Jun 29, 2017",523,523,523,523,0.54K,0.00%
Ayala Corp Pref B,ACPB2,"Jun 28, 2017",523,523,523,523,0.04K,1.55%
Ayala Corp Pref B,ACPB2,"Jun 27, 2017",515,520,523,515,24.91K,0.59%
Ayala Corp Pref B,ACPB2,"Jun 23, 2017",512,515,515,512,0.30K,-1.54%
Ayala Corp Pref B,ACPB2,"Jun 22, 2017",520,520,520,520,0.01K,1.17%
Ayala Corp Pref B,ACPB2,"Jun 21, 2017",514,512,514,512,0.07K,0.39%
Ayala Corp Pref B,ACPB2,"Jun 19, 2017",512,512.5,512.5,512,0.45K,-0.87%
Ayala Corp Pref B,ACPB2,"Jun 16, 2017",516.5,516.5,516.5,516.5,1.40K,0.10%
Ayala Corp Pref B,ACPB2,"Jun 15, 2017",516,513,516,512,25.14K,0.19%
Ayala Corp Pref B,ACPB2,"Jun 13, 2017",515,515,515,515,3.74K,0.00%
Ayala Corp Pref B,ACPB2,"Jun 09, 2017",515,515,515,515,30.18K,0.00%
Ayala Corp Pref B,ACPB2,"Jun 08, 2017",515,515,515,512,4.50K,-0.58%
Ayala Corp Pref B,ACPB2,"Jun 07, 2017",518,520,520,518,0.04K,-0.38%
Ayala Corp Pref B,ACPB2,"Jun 02, 2017",520,520,520,520,0.10K,0.00%
Ayala Corp Pref B,ACPB2,"Jun 01, 2017",520,520,520,520,1.01K,1.17%
Ayala Corp Pref B,ACPB2,"May 30, 2017",514,514,514,512,2.20K,-1.15%
Ayala Corp Pref B,ACPB2,"May 29, 2017",520,520,520,520,1.20K,0.00%
Ayala Corp Pref B,ACPB2,"May 26, 2017",520,519,520,519,7.50K,1.36%
Ayala Corp Pref B,ACPB2,"May 25, 2017",513,513,513,513,0.20K,0.00%
Ayala Corp Pref B,ACPB2,"May 24, 2017",513,520,520,512,9.73K,0.39%
Ayala Corp Pref B,ACPB2,"May 23, 2017",511,512,512,511,1.00K,0.20%
Ayala Corp Pref B,ACPB2,"May 18, 2017",510,525,525,510,12.20K,0.99%
Ayala Corp Pref B,ACPB2,"May 10, 2017",505,520,520,505,2.00K,-4.72%
Ayala Corp Pref B,ACPB2,"May 09, 2017",530,530,530,530,0.04K,6.00%
Ayala Corp Pref B,ACPB2,"May 08, 2017",500,530,530,500,10.08K,-5.66%
Ayala Corp Pref B,ACPB2,"May 05, 2017",530,530,530,530,0.22K,0.00%
Ayala Corp Pref B,ACPB2,"May 02, 2017",530,530,530,530,0.10K,0.95%
Ayala Corp Pref B,ACPB2,"Apr 27, 2017",525,526,526,525,25.88K,-0.94%
Ayala Corp Pref B,ACPB2,"Apr 26, 2017",530,530,530,530,0.07K,0.76%
Ayala Corp Pref B,ACPB2,"Apr 25, 2017",526,526,526,526,0.41K,0.10%
Ayala Corp Pref B,ACPB2,"Apr 19, 2017",525.5,526,526,525,21.69K,0.10%
Ayala Corp Pref B,ACPB2,"Apr 17, 2017",525,526.5,526.5,525,5.30K,-0.28%
Ayala Corp Pref B,ACPB2,"Apr 10, 2017",526.5,526.5,526.5,526.5,0.20K,0.29%
Ayala Corp Pref B,ACPB2,"Apr 07, 2017",525,527,527,525,1.00K,-0.38%
Ayala Corp Pref B,ACPB2,"Apr 04, 2017",527,527.5,527.5,527,1.00K,0.00%
Ayala Corp Pref B,ACPB2,"Apr 03, 2017",527,528,528,527,2.00K,-0.19%
Ayala Corp Pref B,ACPB2,"Mar 31, 2017",528,528,528,528,0.01K,0.00%
Ayala Corp Pref B,ACPB2,"Mar 30, 2017",528,540,540,528,2.01K,0.00%
Ayala Corp Pref B,ACPB2,"Mar 24, 2017",528,530,530,528,5.70K,-0.56%
Ayala Corp Pref B,ACPB2,"Mar 22, 2017",531,528,531,528,0.20K,-1.67%
Ayala Corp Pref B,ACPB2,"Mar 21, 2017",540,539,540,539,6.00K,0.19%
Ayala Corp Pref B,ACPB2,"Mar 16, 2017",539,539,539,539,0.01K,2.08%
Ayala Corp Pref B,ACPB2,"Mar 15, 2017",528,528,528,528,0.35K,0.00%
Ayala Corp Pref B,ACPB2,"Mar 14, 2017",528,539,539,528,7.71K,0.00%
Ayala Corp Pref B,ACPB2,"Mar 13, 2017",528,528,528,528,0.02K,-2.04%
Ayala Corp Pref B,ACPB2,"Mar 09, 2017",539,539,539,539,0.04K,1.89%
Ayala Corp Pref B,ACPB2,"Mar 03, 2017",529,529,529,529,0.20K,0.00%
Ayala Corp Pref B,ACPB2,"Mar 02, 2017",529,529,529,529,0.26K,0.00%
Ayala Corp Pref B,ACPB2,"Mar 01, 2017",529,529,529,529,0.33K,-2.04%
Ayala Corp Pref B,ACPB2,"Feb 23, 2017",540,535,540,535,0.03K,2.08%
Ayala Corp Pref B,ACPB2,"Feb 20, 2017",529,529,529,529,0.15K,0.00%
Ayala Corp Pref B,ACPB2,"Feb 17, 2017",529,540,540,529,4.61K,0.19%
Ayala Corp Pref B,ACPB2,"Feb 16, 2017",528,528,528,528,2.80K,0.00%
Ayala Corp Pref B,ACPB2,"Feb 15, 2017",528,528,528,528,1.00K,0.00%
Ayala Corp Pref B,ACPB2,"Feb 13, 2017",528,528,528,528,0.04K,0.00%
Ayala Corp Pref B,ACPB2,"Feb 09, 2017",528,528,528,528,6.00K,0.19%
Ayala Corp Pref B,ACPB2,"Feb 08, 2017",527,527,527,527,0.10K,-2.41%
Ayala Corp Pref B,ACPB2,"Feb 03, 2017",540,535,540,535,0.17K,0.93%
Ayala Corp Pref B,ACPB2,"Jan 31, 2017",535,527,535,527,2.01K,0.00%
Ayala Corp Pref B,ACPB2,"Jan 27, 2017",535,535,535,535,0.04K,0.00%
Ayala Corp Pref B,ACPB2,"Jan 20, 2017",535,526,535,526,0.60K,-0.93%
Ayala Corp Pref B,ACPB2,"Jan 13, 2017",540,530,542,530,35.09K,-0.37%
Ayala Corp Pref B,ACPB2,"Jan 12, 2017",542,540,542,540,0.16K,0.00%
Ayala Corp Pref B,ACPB2,"Jan 11, 2017",542,542,542,542,0.01K,-1.09%
Ayala Corp Pref B,ACPB2,"Jan 04, 2017",548,526,548,526,0.41K,0.92%
Ayala Corp Pref B,ACPB2,"Dec 29, 2016",543,526,543,526,0.04K,0.56%
Ayala Corp Pref B,ACPB2,"Dec 28, 2016",540,540,540,540,0.75K,-0.74%
Ayala Corp Pref B,ACPB2,"Dec 20, 2016",544,544,544,544,0.01K,0.00%
Ayala Corp Pref B,ACPB2,"Dec 19, 2016",544,544,544,544,0.04K,-0.18%
Ayala Corp Pref B,ACPB2,"Dec 12, 2016",545,545,545,545,0.02K,3.81%
Ayala Corp Pref B,ACPB2,"Dec 09, 2016",525,532,532,525,24.86K,-3.67%
Ayala Corp Pref B,ACPB2,"Dec 07, 2016",545,545,545,545,1.27K,0.93%
Ayala Corp Pref B,ACPB2,"Dec 06, 2016",540,550,550,540,1.98K,2.66%
Ayala Corp Pref B,ACPB2,"Dec 05, 2016",526,526,526,526,1.00K,-1.31%
Ayala Corp Pref B,ACPB2,"Nov 29, 2016",533,533,533,533,1.20K,0.28%
Ayala Corp Pref B,ACPB2,"Nov 28, 2016",531.5,531.5,531.5,531.5,0.92K,0.09%
Ayala Corp Pref B,ACPB2,"Nov 23, 2016",531,531,531,531,0.02K,-0.75%
Ayala Corp Pref B,ACPB2,"Nov 18, 2016",535,534.5,535,531,3.98K,0.00%
Ayala Corp Pref B,ACPB2,"Nov 17, 2016",535,535,535,535,5.49K,-0.93%
Ayala Corp Pref B,ACPB2,"Nov 15, 2016",540,540,540,540,0.01K,-0.92%
Ayala Corp Pref B,ACPB2,"Nov 11, 2016",545,545,545,545,7.33K,0.55%
Ayala Corp Pref B,ACPB2,"Nov 10, 2016",542,540,542,540,3.70K,0.37%
Ayala Corp Pref B,ACPB2,"Nov 09, 2016",540,535,540,535,3.70K,0.00%
Ayala Corp Pref B,ACPB2,"Nov 08, 2016",540,540,540,540,3.70K,1.89%
Ayala Corp Pref B,ACPB2,"Nov 07, 2016",530,532,532,530,5.10K,-0.93%
Ayala Corp Pref B,ACPB2,"Oct 28, 2016",535,535,535,535,1.50K,0.00%
Ayala Corp Pref B,ACPB2,"Oct 24, 2016",535,535,535,535,1.98K,0.00%
Ayala Corp Pref B,ACPB2,"Oct 21, 2016",535,535,535,525,7.52K,0.00%
Ayala Corp Pref B,ACPB2,"Oct 18, 2016",535,535,535,535,1.00K,0.00%
Ayala Corp Pref B,ACPB2,"Oct 17, 2016",535,535,535,535,2.00K,0.00%
Ayala Corp Pref B,ACPB2,"Oct 12, 2016",535,535,535,535,0.31K,0.00%
Ayala Corp Pref B,ACPB2,"Oct 10, 2016",535,535,535,535,1.50K,-1.83%
Ayala Corp Pref B,ACPB2,"Oct 07, 2016",545,536,545,535,7.66K,0.00%
Ayala Corp Pref B,ACPB2,"Oct 04, 2016",545,545,545,545,4.50K,0.00%
Ayala Corp Pref B,ACPB2,"Oct 03, 2016",545,545,545,545,2.00K,0.93%
Ayala Corp Pref B,ACPB2,"Sep 29, 2016",540,540,540,540,2.00K,0.93%
Ayala Corp Pref B,ACPB2,"Sep 27, 2016",535,535,535,535,17.30K,0.00%
Ayala Corp Pref B,ACPB2,"Sep 23, 2016",535,535,535,535,0.09K,0.66%
Ayala Corp Pref B,ACPB2,"Sep 21, 2016",531.5,535.5,535.5,531.5,2.00K,-1.57%
Ayala Corp Pref B,ACPB2,"Sep 19, 2016",540,540,540,540,0.36K,0.00%
Ayala Corp Pref B,ACPB2,"Sep 16, 2016",540,540,540,540,0.03K,0.00%
Ayala Corp Pref B,ACPB2,"Sep 15, 2016",540,540,540,540,2.00K,0.00%
Ayala Corp Pref B,ACPB2,"Sep 14, 2016",540,544,544,540,1.01K,-0.92%
Ayala Corp Pref B,ACPB2,"Sep 13, 2016",545,545,545,545,0.01K,0.74%
Ayala Corp Pref B,ACPB2,"Sep 09, 2016",541,540,541,540,0.21K,0.00%
Ayala Corp Pref B,ACPB2,"Sep 06, 2016",541,541,541,541,0.11K,1.12%
Ayala Corp Pref B,ACPB2,"Sep 02, 2016",535,541,541,531.5,16.24K,-1.11%
Ayala Corp Pref B,ACPB2,"Sep 01, 2016",541,542,542,541,0.10K,1.79%
Ayala Corp Pref B,ACPB2,"Aug 30, 2016",531.5,531.5,531.5,531.5,0.17K,-0.65%
Ayala Corp Pref B,ACPB2,"Aug 23, 2016",535,535,535,535,13.00K,0.66%
Ayala Corp Pref B,ACPB2,"Aug 22, 2016",531.5,533.5,533.5,531.5,3.70K,-1.48%
Ayala Corp Pref B,ACPB2,"Aug 18, 2016",539.5,539.5,539.5,539.5,9.16K,0.00%
Ayala Corp Pref B,ACPB2,"Aug 16, 2016",539.5,545,545,539.5,0.66K,-1.01%
Ayala Corp Pref B,ACPB2,"Aug 12, 2016",545,545,545,545,0.16K,-0.91%
Ayala Corp Pref B,ACPB2,"Aug 10, 2016",550,550,550,550,0.03K,3.09%
Ayala Corp Pref B,ACPB2,"Aug 09, 2016",533.5,532.5,533.5,532.5,2.05K,0.19%
Ayala Corp Pref B,ACPB2,"Aug 08, 2016",532.5,545,545,530,9.88K,-3.09%
Ayala Corp Pref B,ACPB2,"Aug 03, 2016",549.5,549.5,549.5,549.5,0.01K,0.83%
Ayala Corp Pref B,ACPB2,"Aug 02, 2016",545,545,545,545,4.04K,-0.09%
Ayala Corp Pref B,ACPB2,"Jul 29, 2016",545.5,545.5,545.5,545.5,8.75K,0.09%
Ayala Corp Pref B,ACPB2,"Jul 28, 2016",545,545.5,545.5,545,4.30K,-0.09%
Ayala Corp Pref B,ACPB2,"Jul 27, 2016",545.5,545.5,545.5,545.5,0.05K,0.00%
Ayala Corp Pref B,ACPB2,"Jul 25, 2016",545.5,545.5,545.5,545.5,0.65K,0.09%
Ayala Corp Pref B,ACPB2,"Jul 22, 2016",545,545,545,545,0.10K,0.00%
Ayala Corp Pref B,ACPB2,"Jul 20, 2016",545,545,545,545,2.36K,-0.18%
Ayala Corp Pref B,ACPB2,"Jul 19, 2016",546,546,546,546,0.02K,0.09%
Ayala Corp Pref B,ACPB2,"Jul 18, 2016",545.5,546,546,545,1.35K,-0.09%
Ayala Corp Pref B,ACPB2,"Jul 15, 2016",546,546,546,546,0.10K,0.18%
Ayala Corp Pref B,ACPB2,"Jul 14, 2016",545,545,545,545,2.08K,0.00%
Ayala Corp Pref B,ACPB2,"Jul 13, 2016",545,545,545,545,0.50K,0.00%
Ayala Corp Pref B,ACPB2,"Jul 12, 2016",545,545,545,545,0.50K,0.65%
Ayala Corp Pref B,ACPB2,"Jul 08, 2016",541.5,541.5,541.5,541.5,0.76K,0.09%
Ayala Corp Pref B,ACPB2,"Jul 07, 2016",541,548,548,541,7.70K,-1.55%
Ayala Corp Pref B,ACPB2,"Jul 05, 2016",549.5,542.5,549.5,542.5,1.11K,0.09%
Ayala Corp Pref B,ACPB2,"Jul 04, 2016",549,545,549,545,0.20K,-0.09%
Ayala Corp Pref B,ACPB2,"Jul 01, 2016",549.5,545,549.5,545,0.07K,1.38%
Ayala Corp Pref B,ACPB2,"Jun 30, 2016",542,542,542,542,0.05K,0.09%
Ayala Corp Pref B,ACPB2,"Jun 29, 2016",541.5,541.5,541.5,541.5,0.02K,0.00%
Ayala Corp Pref B,ACPB2,"Jun 28, 2016",541.5,541.5,541.5,541,3.85K,0.00%
Ayala Corp Pref B,ACPB2,"Jun 27, 2016",541.5,541.5,541.5,541.5,0.05K,-1.46%
Ayala Corp Pref B,ACPB2,"Jun 23, 2016",549.5,541,549.5,541,6.00K,1.57%
Ayala Corp Pref B,ACPB2,"Jun 22, 2016",541,541,541,541,8.00K,0.19%
Ayala Corp Pref B,ACPB2,"Jun 20, 2016",540,540,540,540,0.10K,0.00%
Ayala Corp Pref B,ACPB2,"Jun 17, 2016",540,540,540,540,8.60K,0.75%
Ayala Corp Pref B,ACPB2,"Jun 15, 2016",536,536,536,536,2.00K,0.00%
Ayala Corp Pref B,ACPB2,"Jun 10, 2016",536,536,536,536,0.30K,0.19%
Ayala Corp Pref B,ACPB2,"Jun 09, 2016",535,535,535,535,0.97K,0.94%
Ayala Corp Pref B,ACPB2,"Jun 07, 2016",530,530,530,530,14.87K,-0.93%
Ayala Corp Pref B,ACPB2,"Jun 06, 2016",535,535,535,527,50.43K,0.00%
Ayala Corp Pref B,ACPB2,"May 31, 2016",535,535,535,535,2.00K,0.00%
Ayala Corp Pref B,ACPB2,"May 30, 2016",535,535,535,535,1.25K,0.00%
Ayala Corp Pref B,ACPB2,"May 26, 2016",535,545,545,535,2.98K,0.00%
Ayala Corp Pref B,ACPB2,"May 24, 2016",535,535,535,535,0.12K,0.00%
Ayala Corp Pref B,ACPB2,"May 20, 2016",535,535,535,535,0.01K,0.00%
Ayala Corp Pref B,ACPB2,"May 19, 2016",535,535,535,535,11.95K,0.00%
Ayala Corp Pref B,ACPB2,"May 17, 2016",535,535,535,535,50.80K,0.00%
Ayala Corp Pref B,ACPB2,"May 16, 2016",535,535,535,535,0.40K,0.00%
Ayala Corp Pref B,ACPB2,"May 13, 2016",535,535,535,535,0.01K,0.94%
Ayala Corp Pref B,ACPB2,"May 12, 2016",530,530,530,530,34.00K,-0.56%
Ayala Corp Pref B,ACPB2,"May 11, 2016",533,530,533,530,4.45K,-0.37%
Ayala Corp Pref B,ACPB2,"May 10, 2016",535,535,535,535,9.50K,0.94%
Ayala Corp Pref B,ACPB2,"May 06, 2016",530,530,530,530,1.33K,0.00%
Ayala Corp Pref B,ACPB2,"May 05, 2016",530,530,530,530,16.10K,0.00%
Ayala Corp Pref B,ACPB2,"May 03, 2016",530,530,530,530,7.60K,0.00%
Ayala Corp Pref B,ACPB2,"May 02, 2016",530,530,530,530,8.90K,0.00%
Ayala Corp Pref B,ACPB2,"Apr 29, 2016",530,530,530,530,4.80K,0.00%
Ayala Corp Pref B,ACPB2,"Apr 27, 2016",530,530,530,530,4.00K,0.57%
Ayala Corp Pref B,ACPB2,"Apr 26, 2016",527,527,527,527,0.01K,0.38%
Ayala Corp Pref B,ACPB2,"Apr 25, 2016",525,525,525,525,8.30K,0.00%
Ayala Corp Pref B,ACPB2,"Apr 22, 2016",525,525,525,525,3.43K,0.00%
Ayala Corp Pref B,ACPB2,"Apr 20, 2016",525,525,525,525,0.40K,-0.19%
Ayala Corp Pref B,ACPB2,"Apr 19, 2016",526,526,526,526,9.50K,0.00%
Ayala Corp Pref B,ACPB2,"Apr 14, 2016",526,522,526,521,8.01K,0.96%
Ayala Corp Pref B,ACPB2,"Apr 12, 2016",521,521,521,521,0.32K,0.19%
Ayala Corp Pref B,ACPB2,"Apr 06, 2016",520,528,528,520,2.97K,-1.52%
Ayala Corp Pref B,ACPB2,"Apr 05, 2016",528,528,528,528,1.80K,-0.94%
Ayala Corp Pref B,ACPB2,"Apr 04, 2016",533,533,533,533,0.01K,0.95%
Ayala Corp Pref B,ACPB2,"Apr 01, 2016",528,535,535,528,2.01K,-0.56%
Ayala Corp Pref B,ACPB2,"Mar 30, 2016",531,531,531,531,0.01K,0.19%
Ayala Corp Pref B,ACPB2,"Mar 22, 2016",530,530,530,530,0.01K,-0.93%
Ayala Corp Pref B,ACPB2,"Mar 18, 2016",535,535,535,535,0.35K,0.94%
Ayala Corp Pref B,ACPB2,"Mar 17, 2016",530,530,530,530,2.00K,0.00%
Ayala Corp Pref B,ACPB2,"Mar 15, 2016",530,530,530,530,0.01K,0.00%
Ayala Corp Pref B,ACPB2,"Mar 14, 2016",530,530,530,530,0.41K,0.00%
Ayala Corp Pref B,ACPB2,"Mar 10, 2016",530,530,530,530,3.29K,0.19%
Ayala Corp Pref B,ACPB2,"Mar 09, 2016",529,529,529,529,6.00K,-0.19%
Ayala Corp Pref B,ACPB2,"Mar 08, 2016",530,530,530,530,1.05K,0.00%
Ayala Corp Pref B,ACPB2,"Mar 07, 2016",530,531,531,530,3.00K,-0.38%
Ayala Corp Pref B,ACPB2,"Mar 01, 2016",532,532,532,532,3.01K,-1.48%
Ayala Corp Pref B,ACPB2,"Feb 26, 2016",540,539,540,539,15.75K,0.93%
Ayala Corp Pref B,ACPB2,"Feb 24, 2016",535,531,539,531,13.03K,0.75%
Ayala Corp Pref B,ACPB2,"Feb 23, 2016",531,531,531,531,2.00K,0.19%
Ayala Corp Pref B,ACPB2,"Feb 22, 2016",530,530,530,530,20.10K,0.00%
Ayala Corp Pref B,ACPB2,"Feb 17, 2016",530,529,531,529,9.71K,-0.19%
Ayala Corp Pref B,ACPB2,"Feb 16, 2016",531,531,531,531,0.25K,0.00%
Ayala Corp Pref B,ACPB2,"Feb 12, 2016",531,531,532,531,14.09K,-1.67%
Ayala Corp Pref B,ACPB2,"Feb 11, 2016",540,539,540,539,3.69K,1.69%
Ayala Corp Pref B,ACPB2,"Feb 10, 2016",531,531,531,531,4.00K,0.09%
Ayala Corp Pref B,ACPB2,"Jan 29, 2016",530.5,539,540,530.5,38.20K,-1.76%
Ayala Corp Pref B,ACPB2,"Jan 25, 2016",540,540,540,540,0.01K,1.79%
Ayala Corp Pref B,ACPB2,"Jan 22, 2016",530.5,530.5,530.5,530.5,0.31K,0.09%
Ayala Corp Pref B,ACPB2,"Jan 21, 2016",530,530,530,530,2.10K,0.00%
Ayala Corp Pref B,ACPB2,"Jan 20, 2016",530,530,530,530,4.47K,0.00%
Ayala Corp Pref B,ACPB2,"Jan 19, 2016",530,530,530,530,0.05K,0.00%
Ayala Corp Pref B,ACPB2,"Jan 18, 2016",530,520,530,520,3.85K,0.00%
Ayala Corp Pref B,ACPB2,"Jan 15, 2016",530,530,530,530,15.00K,0.00%
Ayala Corp Pref B,ACPB2,"Jan 12, 2016",530,530,530,530,0.20K,2.91%
Ayala Corp Pref B,ACPB2,"Jan 11, 2016",515,507,515,507,5.04K,-2.83%
Ayala Corp Pref B,ACPB2,"Jan 08, 2016",530,505.5,530,505.5,6.04K,-3.46%
Ayala Corp Pref B,ACPB2,"Dec 28, 2015",549,549,549,549,0.06K,7.44%
Ayala Corp Pref B,ACPB2,"Dec 18, 2015",511,511.5,511.5,511,0.40K,0.10%
Ayala Corp Pref B,ACPB2,"Dec 14, 2015",510.5,510.5,510.5,510.5,0.20K,0.10%
Ayala Corp Pref B,ACPB2,"Dec 11, 2015",510,510,510,510,0.01K,0.39%
Ayala Corp Pref B,ACPB2,"Dec 09, 2015",508,510,510,508,1.01K,1.60%
Ayala Corp Pref B,ACPB2,"Dec 04, 2015",500,523,523,500,23.52K,-4.40%
Ayala Corp Pref B,ACPB2,"Dec 03, 2015",523,523,523,523,3.76K,0.00%
Ayala Corp Pref B,ACPB2,"Dec 02, 2015",523,523,523,523,0.29K,0.00%
Ayala Corp Pref B,ACPB2,"Dec 01, 2015",523,524,524,523,21.93K,-0.19%
Ayala Corp Pref B,ACPB2,"Nov 27, 2015",524,525,525,524,57.87K,-0.19%
Ayala Corp Pref B,ACPB2,"Nov 26, 2015",525,525,525,525,4.50K,0.00%
Ayala Corp Pref B,ACPB2,"Nov 25, 2015",525,525,525,525,6.00K,-2.78%
Ayala Corp Pref B,ACPB2,"Nov 24, 2015",540,540,540,540,0.01K,2.86%
Ayala Corp Pref B,ACPB2,"Nov 17, 2015",525,530,530,525,3.00K,-0.94%
Ayala Corp Pref B,ACPB2,"Nov 16, 2015",530,530,530,530,1.68K,0.95%
Ayala Corp Pref B,ACPB2,"Nov 11, 2015",525,525,525,525,50.00K,0.00%
Ayala Corp Pref B,ACPB2,"Nov 06, 2015",525,525,525,525,0.70K,0.00%
Ayala Corp Pref B,ACPB2,"Nov 05, 2015",525,530,530,525,2.00K,0.00%
Ayala Corp Pref B,ACPB2,"Nov 03, 2015",525,526,526,525,1.60K,0.00%
Ayala Corp Pref B,ACPB2,"Oct 30, 2015",525,525,525,525,0.32K,0.00%
Ayala Corp Pref B,ACPB2,"Oct 23, 2015",525,525,525,525,0.97K,0.00%
Ayala Corp Pref B,ACPB2,"Oct 22, 2015",525,525,525,525,4.31K,0.00%
Ayala Corp Pref B,ACPB2,"Oct 21, 2015",525,525,525,525,2.72K,-0.19%
Ayala Corp Pref B,ACPB2,"Oct 16, 2015",526,526,526,526,0.10K,0.00%
Ayala Corp Pref B,ACPB2,"Oct 15, 2015",526,526,526,526,0.10K,0.19%
Ayala Corp Pref B,ACPB2,"Oct 13, 2015",525,545,545,525,0.12K,0.00%
Ayala Corp Pref B,ACPB2,"Oct 09, 2015",525,525,525,525,0.13K,0.00%
Ayala Corp Pref B,ACPB2,"Oct 08, 2015",525,525,525,525,0.50K,0.00%
Ayala Corp Pref B,ACPB2,"Oct 07, 2015",525,529,529,525,5.65K,-0.76%
Ayala Corp Pref B,ACPB2,"Oct 05, 2015",529,535,535,529,2.00K,-2.04%
Ayala Corp Pref B,ACPB2,"Oct 01, 2015",540,540,540,540,0.16K,0.00%
Ayala Corp Pref B,ACPB2,"Sep 30, 2015",540,537,540,537,6.88K,0.56%
Ayala Corp Pref B,ACPB2,"Sep 29, 2015",537,537,537,537,0.20K,0.00%
Ayala Corp Pref B,ACPB2,"Sep 28, 2015",537,526.5,537,525,17.04K,1.32%
Ayala Corp Pref B,ACPB2,"Sep 24, 2015",530,530,530,530,0.01K,0.76%
Ayala Corp Pref B,ACPB2,"Sep 23, 2015",526,526.5,526.5,526,0.40K,-2.05%
Ayala Corp Pref B,ACPB2,"Sep 21, 2015",537,537,537,537,1.00K,-0.19%
Ayala Corp Pref B,ACPB2,"Sep 18, 2015",538,538,538,538,10.00K,2.18%
Ayala Corp Pref B,ACPB2,"Sep 17, 2015",526.5,526.5,526.5,526.5,1.90K,0.00%
Ayala Corp Pref B,ACPB2,"Sep 15, 2015",526.5,526.5,526.5,526.5,0.08K,0.00%
Ayala Corp Pref B,ACPB2,"Sep 14, 2015",526.5,526.5,526.5,526.5,0.05K,0.00%
Ayala Corp Pref B,ACPB2,"Sep 10, 2015",526.5,527,527,526.5,0.30K,0.10%
Ayala Corp Pref B,ACPB2,"Sep 09, 2015",526,527,527,526,10.00K,0.00%
Ayala Corp Pref B,ACPB2,"Sep 07, 2015",526,526,526,526,0.10K,0.00%
Ayala Corp Pref B,ACPB2,"Sep 04, 2015",526,526,526,526,2.00K,0.00%
Ayala Corp Pref B,ACPB2,"Sep 03, 2015",526,526.5,527,526,34.00K,-2.59%
Ayala Corp Pref B,ACPB2,"Sep 01, 2015",540,527,540,526.5,1.51K,2.47%
Ayala Corp Pref B,ACPB2,"Aug 28, 2015",527,535,535,527,1.22K,0.09%
Ayala Corp Pref B,ACPB2,"Aug 27, 2015",526.5,526.5,526.5,526.5,1.20K,0.00%
Ayala Corp Pref B,ACPB2,"Aug 26, 2015",526.5,526.5,530,526.5,2.45K,0.10%
Ayala Corp Pref B,ACPB2,"Aug 25, 2015",526,527,527,526,4.18K,-0.19%
Ayala Corp Pref B,ACPB2,"Aug 24, 2015",527,528,528,527,1.50K,-0.57%
Ayala Corp Pref B,ACPB2,"Aug 20, 2015",530,529,530,529,18.03K,0.00%
Ayala Corp Pref B,ACPB2,"Aug 17, 2015",530,531,531,530,2.68K,0.00%
Ayala Corp Pref B,ACPB2,"Aug 13, 2015",530,531,531,530,1.26K,-0.75%
Ayala Corp Pref B,ACPB2,"Aug 12, 2015",534,535,535,534,1.05K,-0.19%
Ayala Corp Pref B,ACPB2,"Aug 11, 2015",535,535,535,535,1.03K,0.00%
Ayala Corp Pref B,ACPB2,"Aug 10, 2015",535,535,535,535,1.01K,0.00%
Ayala Corp Pref B,ACPB2,"Aug 07, 2015",535,535,535,535,0.50K,0.00%
Ayala Corp Pref B,ACPB2,"Aug 06, 2015",535,535,535,535,0.21K,0.00%
Ayala Corp Pref B,ACPB2,"Aug 05, 2015",535,536,536,535,1.70K,-0.37%
Ayala Corp Pref B,ACPB2,"Aug 03, 2015",537,537,537,537,0.50K,-1.92%
Ayala Corp Pref B,ACPB2,"Jul 23, 2015",547.5,547.5,547.5,547.5,0.01K,-0.09%
Ayala Corp Pref B,ACPB2,"Jul 22, 2015",548,548,548,548,1.81K,0.00%
Ayala Corp Pref B,ACPB2,"Jul 21, 2015",548,548,548,548,0.01K,0.00%
Ayala Corp Pref B,ACPB2,"Jul 20, 2015",548,547.5,548,547.5,16.85K,0.09%
Ayala Corp Pref B,ACPB2,"Jul 14, 2015",547.5,531,548.5,531,5.48K,1.39%
Ayala Corp Pref B,ACPB2,"Jul 08, 2015",540,540,540,540,0.02K,1.69%
Ayala Corp Pref B,ACPB2,"Jul 02, 2015",531,531,531,531,2.00K,0.00%
Ayala Corp Pref B,ACPB2,"Jul 01, 2015",531,531,531,531,0.50K,-3.10%
Ayala Corp Pref B,ACPB2,"Jun 30, 2015",548,548.5,548.5,548,0.05K,0.00%
Ayala Corp Pref B,ACPB2,"Jun 29, 2015",548,548,548,548,0.02K,3.01%
Ayala Corp Pref B,ACPB2,"Jun 26, 2015",532,531,532,531,10.50K,0.38%
Ayala Corp Pref B,ACPB2,"Jun 25, 2015",530,529,530,529,53.10K,0.00%
Ayala Corp Pref B,ACPB2,"Jun 24, 2015",530,530,530,530,2.31K,0.19%
Ayala Corp Pref B,ACPB2,"Jun 23, 2015",529,529,529,529,6.00K,0.19%
Ayala Corp Pref B,ACPB2,"Jun 22, 2015",528,529,529,528,0.54K,0.00%
Ayala Corp Pref B,ACPB2,"Jun 19, 2015",528,528,529,528,2.76K,0.00%
Ayala Corp Pref B,ACPB2,"Jun 18, 2015",528,528,528,528,0.10K,0.19%
Ayala Corp Pref B,ACPB2,"Jun 17, 2015",527,527,527,527,0.12K,-0.19%
Ayala Corp Pref B,ACPB2,"Jun 16, 2015",528,528,528,528,0.58K,0.00%
Ayala Corp Pref B,ACPB2,"Jun 15, 2015",528,528,528,528,3.40K,0.00%
Ayala Corp Pref B,ACPB2,"Jun 10, 2015",528,527,528,527,0.40K,0.19%
Ayala Corp Pref B,ACPB2,"Jun 09, 2015",527,527,527,527,9.00K,0.00%
Ayala Corp Pref B,ACPB2,"Jun 05, 2015",527,527,527,527,0.90K,0.19%
Ayala Corp Pref B,ACPB2,"Jun 04, 2015",526,526,526,526,19.88K,0.00%
Ayala Corp Pref B,ACPB2,"Jun 03, 2015",526,527,527,526,1.64K,0.00%
Ayala Corp Pref B,ACPB2,"Jun 02, 2015",526,526,526,526,0.10K,0.00%
Ayala Corp Pref B,ACPB2,"Jun 01, 2015",526,526,526,526,8.42K,0.19%
Ayala Corp Pref B,ACPB2,"May 29, 2015",525,525,525,525,20.00K,0.00%
Ayala Corp Pref B,ACPB2,"May 28, 2015",525,525,526,525,67.42K,-0.19%
Ayala Corp Pref B,ACPB2,"May 26, 2015",526,526,526,525,1.09K,0.00%
Ayala Corp Pref B,ACPB2,"May 25, 2015",526,526,526,526,4.73K,0.00%
Ayala Corp Pref B,ACPB2,"May 22, 2015",526,526,526,526,2.00K,0.19%
Ayala Corp Pref B,ACPB2,"May 21, 2015",525,525,526,525,5.77K,0.00%
Ayala Corp Pref B,ACPB2,"May 20, 2015",525,525,525,525,2.09K,0.00%
Ayala Corp Pref B,ACPB2,"May 19, 2015",525,525,525,525,12.00K,0.00%
Ayala Corp Pref B,ACPB2,"May 12, 2015",525,525,525,525,0.01K,0.00%
Ayala Corp Pref B,ACPB2,"May 11, 2015",525,524.5,525,524.5,9.40K,0.00%
Ayala Corp Pref B,ACPB2,"May 06, 2015",525,525,525,525,4.74K,0.00%
Ayala Corp Pref B,ACPB2,"May 05, 2015",525,525,525,525,7.60K,0.57%
Ayala Corp Pref B,ACPB2,"Apr 30, 2015",522,522,522,522,9.90K,0.00%
Ayala Corp Pref B,ACPB2,"Apr 29, 2015",522,521,522,521,2.07K,0.38%
Ayala Corp Pref B,ACPB2,"Apr 28, 2015",520,520,522,520,4.04K,-0.38%
Ayala Corp Pref B,ACPB2,"Apr 24, 2015",522,522,522,522,0.50K,0.38%
Ayala Corp Pref B,ACPB2,"Apr 23, 2015",520,522,522,520,14.50K,-0.38%
Ayala Corp Pref B,ACPB2,"Apr 22, 2015",522,522,522,522,1.63K,-0.57%
Ayala Corp Pref B,ACPB2,"Apr 21, 2015",525,525,525,525,0.01K,0.57%
Ayala Corp Pref B,ACPB2,"Apr 15, 2015",522,523,523,522,6.10K,-0.38%
Ayala Corp Pref B,ACPB2,"Apr 14, 2015",524,524,524,524,3.00K,0.19%
Ayala Corp Pref B,ACPB2,"Apr 13, 2015",523,522,523,522,0.34K,0.00%
Ayala Corp Pref B,ACPB2,"Apr 07, 2015",523,523,523,523,8.00K,0.00%
Ayala Corp Pref B,ACPB2,"Apr 01, 2015",523,523,523,523,19.00K,-0.19%
Ayala Corp Pref B,ACPB2,"Mar 31, 2015",524,523.5,524,523.5,10.85K,-0.19%
Ayala Corp Pref B,ACPB2,"Mar 30, 2015",525,523.5,525,523.5,5.00K,0.57%
Ayala Corp Pref B,ACPB2,"Mar 27, 2015",522,522,522,522,0.10K,-0.19%
Ayala Corp Pref B,ACPB2,"Mar 26, 2015",523,522,523,522,10.70K,0.77%
Ayala Corp Pref B,ACPB2,"Mar 24, 2015",519,519.5,519.5,519,40.00K,-0.19%
Ayala Corp Pref B,ACPB2,"Mar 20, 2015",520,523,523,520,8.75K,0.00%
Ayala Corp Pref B,ACPB2,"Mar 19, 2015",520,522,523,520,4.77K,0.00%
Ayala Corp Pref B,ACPB2,"Mar 18, 2015",520,523,523,520,2.42K,-0.38%
Ayala Corp Pref B,ACPB2,"Mar 17, 2015",522,519.5,522,519.5,20.00K,0.19%
Ayala Corp Pref B,ACPB2,"Mar 16, 2015",521,520,521,520,10.22K,0.19%
Ayala Corp Pref B,ACPB2,"Mar 13, 2015",520,521,521,520,5.38K,0.10%
Ayala Corp Pref B,ACPB2,"Mar 12, 2015",519.5,519.5,519.5,519.5,0.06K,0.00%
Ayala Corp Pref B,ACPB2,"Mar 11, 2015",519.5,520,522,519.5,8.71K,0.00%
Ayala Corp Pref B,ACPB2,"Mar 10, 2015",519.5,520,520,519.5,0.02K,-0.10%
Ayala Corp Pref B,ACPB2,"Mar 09, 2015",520,517,520,517,2.02K,0.58%
Ayala Corp Pref B,ACPB2,"Mar 06, 2015",517,514,517,514,25.00K,0.98%
Ayala Corp Pref B,ACPB2,"Mar 05, 2015",512,512,512,512,3.10K,0.00%
Ayala Corp Pref B,ACPB2,"Mar 04, 2015",512,512,512,510,31.20K,0.39%
Ayala Corp Pref B,ACPB2,"Mar 03, 2015",510,509,510,509,20.23K,0.20%
Ayala Corp Pref B,ACPB2,"Mar 02, 2015",509,509,509,509,0.01K,0.39%
Ayala Corp Pref B,ACPB2,"Feb 27, 2015",507,507,507,507,0.15K,0.00%
Ayala Corp Pref B,ACPB2,"Feb 24, 2015",507,507,507,507,15.84K,0.20%
Ayala Corp Pref B,ACPB2,"Feb 23, 2015",506,507,507,505.5,39.57K,-0.20%
Ayala Corp Pref B,ACPB2,"Feb 20, 2015",507,506,507,506,16.00K,0.10%
Ayala Corp Pref B,ACPB2,"Feb 18, 2015",506.5,507,507,506.5,23.60K,0.30%
Ayala Corp Pref B,ACPB2,"Feb 17, 2015",505,505,505,505,5.00K,0.00%
Ayala Corp Pref B,ACPB2,"Feb 16, 2015",505,504,505,504,36.12K,0.00%
Ayala Corp Pref B,ACPB2,"Feb 13, 2015",505,504,505,504,18.74K,0.00%
Ayala Corp Pref B,ACPB2,"Feb 12, 2015",505,505,505,505,10.01K,0.30%
Ayala Corp Pref B,ACPB2,"Feb 11, 2015",503.5,503.5,504,503.5,40.80K,-0.10%
Ayala Corp Pref B,ACPB2,"Feb 10, 2015",504,505,505,503,21.77K,0.00%
Ayala Corp Pref B,ACPB2,"Feb 09, 2015",504,505,505,504,40.58K,-0.20%
Ayala Corp Pref B,ACPB2,"Feb 06, 2015",505,505,505,505,12.30K,0.00%
Ayala Corp Pref B,ACPB2,"Feb 05, 2015",505,504,507,504,3.31K,-0.39%
Ayala Corp Pref B,ACPB2,"Feb 04, 2015",507,507,507,507,3.94K,0.00%
Ayala Corp Pref B,ACPB2,"Feb 02, 2015",507,507,507,507,3.54K,0.00%
Ayala Corp Pref B,ACPB2,"Jan 30, 2015",507,507,508,507,44.50K,-0.39%
Ayala Corp Pref B,ACPB2,"Jan 28, 2015",509,509,509,509,5.39K,0.00%
Ayala Corp Pref B,ACPB2,"Jan 27, 2015",509,507,509,507,2.38K,0.39%
Ayala Corp Pref B,ACPB2,"Jan 22, 2015",507,508,508,507,0.10K,0.20%
Ayala Corp Pref B,ACPB2,"Jan 20, 2015",506,506,506,506,2.00K,0.80%
Ayala Corp Pref B,ACPB2,"Jan 14, 2015",502,503,505,502,12.00K,-0.20%
Ayala Corp Pref B,ACPB2,"Jan 13, 2015",503,510,510,503,3.03K,0.40%
Ayala Corp Pref B,ACPB2,"Jan 09, 2015",501,501,501,501,0.20K,0.00%
Ayala Corp Pref B,ACPB2,"Jan 06, 2015",501,510,510,501,10.60K,-0.69%
Ayala Corp Pref B,ACPB2,"Jan 05, 2015",504.5,504.5,504.5,504.5,0.17K,0.10%
Ayala Corp Pref B,ACPB2,"Dec 29, 2014",504,504,504,504,14.76K,0.40%
Ayala Corp Pref B,ACPB2,"Dec 23, 2014",502,502,502,502,1.47K,0.00%
Ayala Corp Pref B,ACPB2,"Dec 22, 2014",502,512,512,502,0.62K,0.00%
Ayala Corp Pref B,ACPB2,"Dec 19, 2014",502,502.5,502.5,502,5.10K,0.00%
Ayala Corp Pref B,ACPB2,"Dec 18, 2014",502,502,502,502,12.00K,-0.50%
Ayala Corp Pref B,ACPB2,"Dec 17, 2014",504.5,504.5,504.5,503,41.04K,0.00%
Ayala Corp Pref B,ACPB2,"Dec 16, 2014",504.5,504.5,504.5,504.5,35.50K,0.70%
Ayala Corp Pref B,ACPB2,"Dec 15, 2014",501,502,502,501,3.93K,0.00%
Ayala Corp Pref B,ACPB2,"Dec 12, 2014",501,501,501,501,0.20K,-0.79%
Ayala Corp Pref B,ACPB2,"Dec 11, 2014",505,506,506,505,41.74K,0.00%
Ayala Corp Pref B,ACPB2,"Dec 10, 2014",505,505,505,503.5,35.74K,0.00%
Ayala Corp Pref B,ACPB2,"Dec 09, 2014",505,505,505,505,2.70K,0.00%
Ayala Corp Pref B,ACPB2,"Dec 05, 2014",505,506,506,505,27.70K,-0.98%
Ayala Corp Pref B,ACPB2,"Dec 03, 2014",510,508,510,508,0.20K,0.00%
Ayala Corp Pref B,ACPB2,"Dec 02, 2014",510,510,510,510,16.61K,0.00%
Ayala Corp Pref B,ACPB2,"Nov 27, 2014",510,514,514,510,2.12K,0.00%
Ayala Corp Pref B,ACPB2,"Nov 26, 2014",510,510,510,510,2.20K,0.00%
Ayala Corp Pref B,ACPB2,"Nov 25, 2014",510,510,510,510,0.22K,0.99%
Ayala Corp Pref B,ACPB2,"Nov 24, 2014",505,504,505,504,1.02K,0.20%
Ayala Corp Pref B,ACPB2,"Nov 21, 2014",504,505,505,504,0.04K,0.20%
Ayala Corp Pref B,ACPB2,"Nov 20, 2014",503,502,503,502,11.23K,0.00%
Ayala Corp Pref B,ACPB2,"Nov 19, 2014",503,503,503,503,0.08K,0.00%
Ayala Corp Pref B,ACPB2,"Nov 18, 2014",503,501,503,500,2.50K,0.20%
Ayala Corp Pref B,ACPB2,"Nov 17, 2014",502,502.5,502.5,502,1.82K,-0.20%
Ayala Corp Pref B,ACPB2,"Nov 14, 2014",503,503.5,503.5,503,0.57K,-0.98%
Ayala Corp Pref B,ACPB2,"Nov 12, 2014",508,508,508,508,0.10K,-1.17%
Ayala Corp Pref B,ACPB2,"Nov 11, 2014",514,509,515,507,5.50K,0.98%
Ayala Corp Pref B,ACPB2,"Nov 10, 2014",509,509,509,509,0.01K,-0.39%
Ayala Corp Pref B,ACPB2,"Nov 07, 2014",511,512,512,511,0.06K,2.20%
